{
 "bad": false,
 "new_version": "1.1.0",
 "new_version_attempts": {
  "0.999": 1,
  "0.9999": 1,
  "0.99999": 1,
  "0.999995": 1,
  "0.999999": 1,
  "1.0.0": 1
 },
 "new_version_errors": {}
}