{
 "bad": false,
 "new_version": "2.21.0.20240621",
 "new_version_attempts": {
  "2.19.0.20240310": 1,
  "2.20.0.20240321": 1,
  "2.20.0.20240331": 1,
  "2.20.0.20240418": 1
 },
 "new_version_errors": {}
}